{
    "self": {
        "id": "001",
        "x": 55.755864,
        "y": 37.617698
    },
    "neighbors": [
        {
            "id": "002",
            "x": 55.7,
            "y": 37.61,
            "timestamp": 1757404503.0863307,
            "dBm": 5.4
        }
    ]
}